latitude,longitude,brightness,scan,track,acq_date,acq_time,satellite,instrument,confidence,version,bright_t31,frp,daynight
41.2424,36.4637,313.71,0.35,0.57,2025-07-01,0016,N20,VIIRS,n,2.0NRT,287.61,1.21,N
41.24119,36.46463,307.17,0.35,0.57,2025-07-01,0016,N20,VIIRS,n,2.0NRT,287.02,1.01,N
41.17691,32.63635,302.9,0.46,0.47,2025-07-01,0016,N20,VIIRS,n,2.0NRT,287.07,0.76,N
41.26582,31.42197,328.89,0.4,0.44,2025-07-01,0016,N20,VIIRS,n,2.0NRT,289.43,2.44,N
41.26479,31.42658,324.32,0.4,0.44,2025-07-01,0016,N20,VIIRS,n,2.0NRT,290.76,3.02,N
40.94509,31.39697,302.23,0.41,0.45,2025-07-01,0016,N20,VIIRS,n,2.0NRT,286.89,0.89,N
40.75568,31.78155,304.48,0.43,0.46,2025-07-01,0016,N20,VIIRS,n,2.0NRT,284.17,1.24,N
40.75805,29.7594,303.86,0.52,0.42,2025-07-01,0016,N20,VIIRS,n,2.0NRT,291.12,1.45,N
40.78288,29.60112,304.87,0.51,0.41,2025-07-01,0016,N20,VIIRS,n,2.0NRT,292.12,1.56,N
40.80281,29.37074,302.32,0.5,0.41,2025-07-01,0016,N20,VIIRS,n,2.0NRT,291.46,1.04,N
40.77035,29.52803,309.74,0.51,0.41,2025-07-01,0016,N20,VIIRS,n,2.0NRT,291.77,1.56,N
38.45337,38.7262,299.16,0.55,0.68,2025-07-01,0016,N20,VIIRS,n,2.0NRT,286.82,0.67,N
40.05143,32.64921,295.51,0.49,0.49,2025-07-01,0016,N20,VIIRS,n,2.0NRT,284.91,0.46,N
37.9811,38.89523,311.62,0.58,0.7,2025-07-01,0016,N20,VIIRS,n,2.0NRT,291.09,1.55,N
37.97905,38.90197,303.04,0.58,0.7,2025-07-01,0016,N20,VIIRS,n,2.0NRT,290.96,1.55,N
37.34496,40.79779,306.41,0.76,0.77,2025-07-01,0016,N20,VIIRS,n,2.0NRT,289.46,3.54,N
40.24253,29.92615,299.43,0.54,0.42,2025-07-01,0016,N20,VIIRS,n,2.0NRT,288.69,0.84,N
37.34483,40.802,314.07,0.76,0.77,2025-07-01,0016,N20,VIIRS,n,2.0NRT,290.51,3.09,N
40.18633,29.22721,302.68,0.51,0.41,2025-07-01,0016,N20,VIIRS,n,2.0NRT,291.47,0.86,N
39.83665,30.30088,297.5,0.57,0.43,2025-07-01,0016,N20,VIIRS,n,2.0NRT,286.74,1.01,N
37.10804,40.42917,305.21,0.74,0.76,2025-07-01,0016,N20,VIIRS,n,2.0NRT,290.98,0.81,N
37.10801,40.43077,305.45,0.74,0.76,2025-07-01,0016,N20,VIIRS,n,2.0NRT,291.62,1.41,N
37.21462,39.97567,367,0.7,0.75,2025-07-01,0016,N20,VIIRS,h,2.0NRT,296.24,17.21,N
37.07146,40.33184,303.18,0.73,0.76,2025-07-01,0016,N20,VIIRS,n,2.0NRT,290.46,1.57,N
37.06488,40.32876,304.03,0.73,0.76,2025-07-01,0016,N20,VIIRS,n,2.0NRT,290.83,1.58,N
37.17104,39.78705,334.16,0.68,0.74,2025-07-01,0016,N20,VIIRS,n,2.0NRT,289.4,4.17,N
37.69726,38.08577,300.57,0.54,0.68,2025-07-01,0016,N20,VIIRS,n,2.0NRT,290.26,0.5,N
40.04787,28.43485,301.54,0.47,0.4,2025-07-01,0016,N20,VIIRS,n,2.0NRT,288.18,0.35,N
37.16852,39.78422,328.14,0.68,0.74,2025-07-01,0016,N20,VIIRS,n,2.0NRT,288.48,3.68,N
37.16622,39.79156,305.43,0.68,0.74,2025-07-01,0016,N20,VIIRS,n,2.0NRT,289.13,3.68,N
37.55542,37.86899,310.66,0.53,0.67,2025-07-01,0018,N20,VIIRS,n,2.0NRT,288.78,1.65,N
37.55384,37.87203,311.3,0.53,0.67,2025-07-01,0018,N20,VIIRS,n,2.0NRT,289.2,0.81,N
39.48534,30.0408,303.62,0.57,0.43,2025-07-01,0018,N20,VIIRS,n,2.0NRT,286.94,1.8,N
37.10055,39.13364,302.13,0.63,0.72,2025-07-01,0018,N20,VIIRS,n,2.0NRT,289.31,1.71,N
37.15899,38.87461,300.67,0.61,0.71,2025-07-01,0018,N20,VIIRS,n,2.0NRT,289.7,1.53,N
37.0445,39.19917,301.81,0.64,0.72,2025-07-01,0018,N20,VIIRS,n,2.0NRT,287.95,0.68,N
40.01804,27.00323,301.5,0.43,0.38,2025-07-01,0018,N20,VIIRS,n,2.0NRT,290.67,0.58,N
37.04578,39.20016,302.15,0.64,0.72,2025-07-01,0018,N20,VIIRS,n,2.0NRT,287.79,0.98,N
39.60736,27.87941,303.2,0.46,0.39,2025-07-01,0018,N20,VIIRS,n,2.0NRT,290.87,0.8,N
37.3553,37.16301,300.59,0.49,0.65,2025-07-01,0018,N20,VIIRS,n,2.0NRT,289.95,1.22,N
36.95828,38.465,312.94,0.59,0.7,2025-07-01,0018,N20,VIIRS,n,2.0NRT,287.36,1.49,N
36.91757,38.55357,320.32,0.6,0.7,2025-07-01,0018,N20,VIIRS,n,2.0NRT,287.37,3.23,N
39.86723,26.24615,323.72,0.41,0.37,2025-07-01,0018,N20,VIIRS,n,2.0NRT,294.22,1.94,N
39.86388,26.24513,311.63,0.41,0.37,2025-07-01,0018,N20,VIIRS,n,2.0NRT,293.31,1.94,N
36.92161,38.55696,298.8,0.6,0.71,2025-07-01,0018,N20,VIIRS,n,2.0NRT,286.18,1.32,N
36.9155,38.55416,308.57,0.6,0.71,2025-07-01,0018,N20,VIIRS,n,2.0NRT,287,1.32,N
37.29496,37.15861,301.23,0.49,0.65,2025-07-01,0018,N20,VIIRS,n,2.0NRT,291.05,1.24,N
37.30024,36.84995,320.89,0.48,0.64,2025-07-01,0018,N20,VIIRS,n,2.0NRT,284.81,2.05,N
37.30027,36.85413,320.11,0.48,0.64,2025-07-01,0018,N20,VIIRS,n,2.0NRT,285.97,1.57,N
37.3017,36.84904,295.37,0.48,0.64,2025-07-01,0018,N20,VIIRS,n,2.0NRT,284.29,1.57,N
38.65856,30.61865,304.43,0.42,0.45,2025-07-01,0018,N20,VIIRS,n,2.0NRT,287.79,1.41,N
39.16866,27.63218,310.38,0.46,0.39,2025-07-01,0018,N20,VIIRS,n,2.0NRT,294.55,0.94,N
39.11234,27.5246,304.14,0.45,0.39,2025-07-01,0018,N20,VIIRS,n,2.0NRT,293.37,1.56,N
39.09235,27.51272,311.12,0.45,0.39,2025-07-01,0018,N20,VIIRS,n,2.0NRT,291.97,1.34,N
38.9225,27.9555,306.77,0.47,0.4,2025-07-01,0018,N20,VIIRS,n,2.0NRT,291.37,0.9,N
38.91891,27.95452,305.2,0.47,0.4,2025-07-01,0018,N20,VIIRS,n,2.0NRT,292.12,0.9,N
38.9179,27.95964,301.03,0.47,0.4,2025-07-01,0018,N20,VIIRS,n,2.0NRT,290.98,1.29,N
38.91074,27.95753,310.56,0.47,0.4,2025-07-01,0018,N20,VIIRS,n,2.0NRT,291.35,1.55,N
38.90617,27.96152,327.97,0.47,0.4,2025-07-01,0018,N20,VIIRS,n,2.0NRT,292.41,2.54,N
38.9072,27.95626,311.07,0.47,0.4,2025-07-01,0018,N20,VIIRS,n,2.0NRT,291.67,2.54,N
38.6788,28.62535,310.6,0.51,0.41,2025-07-01,0018,N20,VIIRS,n,2.0NRT,290.64,1.17,N
36.73013,36.21067,310.96,0.46,0.63,2025-07-01,0018,N20,VIIRS,n,2.0NRT,295.75,0.88,N
36.72041,36.20108,320.46,0.46,0.63,2025-07-01,0018,N20,VIIRS,n,2.0NRT,293.82,1.31,N
38.75294,26.93864,314.1,0.44,0.38,2025-07-01,0018,N20,VIIRS,n,2.0NRT,294.15,1.59,N
38.74324,26.95139,315.97,0.44,0.38,2025-07-01,0018,N20,VIIRS,n,2.0NRT,295.77,1.61,N
38.73727,26.94431,325.56,0.44,0.38,2025-07-01,0018,N20,VIIRS,n,2.0NRT,296.96,2.99,N
38.74006,26.92953,315.82,0.44,0.38,2025-07-01,0018,N20,VIIRS,n,2.0NRT,295.82,2.39,N
38.50047,27.95218,326.55,0.48,0.4,2025-07-01,0018,N20,VIIRS,n,2.0NRT,294.01,3.22,N
38.4963,27.97347,306.28,0.48,0.4,2025-07-01,0018,N20,VIIRS,n,2.0NRT,292.43,1.3,N
38.49687,27.95108,328.64,0.48,0.4,2025-07-01,0018,N20,VIIRS,n,2.0NRT,294.03,2.66,N
38.49274,27.97214,303.45,0.48,0.4,2025-07-01,0018,N20,VIIRS,n,2.0NRT,292.29,1.02,N
38.49168,27.97756,304.16,0.48,0.4,2025-07-01,0018,N20,VIIRS,n,2.0NRT,292.44,0.6,N
38.49328,27.94993,320.87,0.48,0.4,2025-07-01,0018,N20,VIIRS,n,2.0NRT,292.91,2.66,N
38.48513,27.95256,303.46,0.48,0.4,2025-07-01,0018,N20,VIIRS,n,2.0NRT,291.94,1.48,N
38.48413,27.95767,308.05,0.48,0.4,2025-07-01,0018,N20,VIIRS,n,2.0NRT,292.61,1.48,N
38.4799,27.97919,313.57,0.48,0.4,2025-07-01,0018,N20,VIIRS,n,2.0NRT,292.16,2.25,N
38.48059,27.95625,332.63,0.48,0.4,2025-07-01,0018,N20,VIIRS,n,2.0NRT,296.07,4.39,N
38.48158,27.95125,306.26,0.48,0.4,2025-07-01,0018,N20,VIIRS,n,2.0NRT,292.26,4.39,N
36.87011,34.76154,304.83,0.38,0.59,2025-07-01,0018,N20,VIIRS,n,2.0NRT,292.8,1.42,N
37.89895,30.4943,303.76,0.43,0.46,2025-07-01,0018,N20,VIIRS,n,2.0NRT,288.87,1.46,N
38.42821,27.21967,315.03,0.45,0.39,2025-07-01,0018,N20,VIIRS,n,2.0NRT,296.3,2.27,N
36.33374,36.15405,334.57,0.47,0.64,2025-07-01,0018,N20,VIIRS,n,2.0NRT,292.5,4.16,N
36.33156,36.16193,323.02,0.47,0.64,2025-07-01,0018,N20,VIIRS,n,2.0NRT,292.25,4.16,N
36.32918,36.17057,326.45,0.47,0.64,2025-07-01,0018,N20,VIIRS,n,2.0NRT,295.5,4.84,N
36.31984,36.11431,322.01,0.46,0.64,2025-07-01,0018,N20,VIIRS,n,2.0NRT,288.8,1.36,N
36.31308,36.11629,302.49,0.46,0.64,2025-07-01,0018,N20,VIIRS,n,2.0NRT,289.78,1.36,N
36.30679,36.11652,354.19,0.46,0.64,2025-07-01,0018,N20,VIIRS,n,2.0NRT,294.12,5.36,N
36.30861,36.10999,302.75,0.46,0.64,2025-07-01,0018,N20,VIIRS,n,2.0NRT,290.29,5.36,N
38.18265,26.88566,305.8,0.44,0.39,2025-07-01,0018,N20,VIIRS,n,2.0NRT,294.55,1.09,N
38.13833,26.88586,322.19,0.44,0.39,2025-07-01,0018,N20,VIIRS,n,2.0NRT,294.59,2.62,N
38.12618,26.89196,305.32,0.44,0.39,2025-07-01,0018,N20,VIIRS,n,2.0NRT,294.34,1.3,N
38.12075,26.90125,317.22,0.44,0.39,2025-07-01,0018,N20,VIIRS,n,2.0NRT,295.3,2.25,N
38.11726,26.90029,315.25,0.44,0.39,2025-07-01,0018,N20,VIIRS,n,2.0NRT,295.06,1.82,N
38.10325,26.97448,306.04,0.45,0.39,2025-07-01,0018,N20,VIIRS,n,2.0NRT,294.55,1.22,N
38.09795,26.983,315.31,0.45,0.39,2025-07-01,0018,N20,VIIRS,n,2.0NRT,294.39,2.09,N
38.09886,26.90047,307.94,0.44,0.39,2025-07-01,0018,N20,VIIRS,n,2.0NRT,294.29,1.42,N
38.08471,26.9751,310.03,0.45,0.39,2025-07-01,0018,N20,VIIRS,n,2.0NRT,295.01,2,N
38.08153,26.895,306.37,0.44,0.39,2025-07-01,0018,N20,VIIRS,n,2.0NRT,294.08,1.44,N
38.07208,26.88674,324.59,0.44,0.39,2025-07-01,0018,N20,VIIRS,n,2.0NRT,295.89,3.28,N
38.06859,26.88579,320.3,0.44,0.39,2025-07-01,0018,N20,VIIRS,n,2.0NRT,296.06,2.69,N
38.06509,26.88486,328.44,0.44,0.39,2025-07-01,0018,N20,VIIRS,n,2.0NRT,297.26,2.69,N
38.06887,26.88485,322.05,0.44,0.39,2025-07-01,0018,N20,VIIRS,n,2.0NRT,295.19,2.82,N
38.06537,26.88392,327.75,0.44,0.39,2025-07-01,0018,N20,VIIRS,n,2.0NRT,296.38,2.82,N
37.2525,30.44103,309.89,0.44,0.46,2025-07-01,0018,N20,VIIRS,n,2.0NRT,290.68,1.17,N
36.26569,33.72858,303.32,0.35,0.56,2025-07-01,0018,N20,VIIRS,n,2.0NRT,292.74,0.65,N
36.71941,39.14762,342.18,0.56,0.43,2025-07-01,0958,N20,VIIRS,n,2.0NRT,313.84,5.18,D
36.77812,39.31706,367,0.55,0.43,2025-07-01,0958,N20,VIIRS,h,2.0NRT,333.96,92.83,D
36.77453,39.31647,346.63,0.55,0.43,2025-07-01,0958,N20,VIIRS,n,2.0NRT,319.72,20.99,D
36.77835,39.31529,367,0.55,0.43,2025-07-01,0958,N20,VIIRS,l,2.0NRT,330.37,80.8,D
36.74572,39.05878,345.46,0.57,0.43,2025-07-01,0958,N20,VIIRS,l,2.0NRT,316.11,12.83,D
36.76754,39.10449,350.21,0.56,0.43,2025-07-01,0958,N20,VIIRS,n,2.0NRT,317.28,10.12,D
36.85905,39.49258,346.33,0.54,0.42,2025-07-01,0958,N20,VIIRS,n,2.0NRT,319.89,12.16,D
36.86285,39.49142,351.3,0.54,0.42,2025-07-01,0958,N20,VIIRS,n,2.0NRT,319.92,18.36,D
36.89394,39.60616,351.47,0.53,0.42,2025-07-01,0958,N20,VIIRS,l,2.0NRT,322.83,15.22,D
36.8977,39.60499,349.99,0.53,0.42,2025-07-01,0958,N20,VIIRS,l,2.0NRT,321.79,15.22,D
37.17624,40.48302,344.87,0.48,0.4,2025-07-01,0958,N20,VIIRS,l,2.0NRT,319.15,3.29,D
36.30095,36.11666,367,0.55,0.51,2025-07-01,0958,N20,VIIRS,l,2.0NRT,332.31,129.56,D
36.29963,36.11093,315.23,0.55,0.51,2025-07-01,0958,N20,VIIRS,l,2.0NRT,315.84,67.62,D
36.30444,36.11058,354.59,0.55,0.51,2025-07-01,0958,N20,VIIRS,n,2.0NRT,318.53,12.7,D
36.31057,36.11596,346.79,0.55,0.51,2025-07-01,0958,N20,VIIRS,n,2.0NRT,316.13,23.26,D
36.30925,36.11024,339.92,0.55,0.51,2025-07-01,0958,N20,VIIRS,n,2.0NRT,309.87,12.7,D
36.29887,36.11524,367,0.55,0.51,2025-07-01,0958,N20,VIIRS,h,2.0NRT,334.78,71.16,D
36.30022,36.12093,344.09,0.55,0.51,2025-07-01,0958,N20,VIIRS,n,2.0NRT,315.51,20.21,D
36.30372,36.11498,355.17,0.55,0.51,2025-07-01,0958,N20,VIIRS,n,2.0NRT,320.18,71.16,D
36.30231,36.10905,341.29,0.55,0.51,2025-07-01,0958,N20,VIIRS,n,2.0NRT,316.05,71.16,D
36.32251,36.17363,335.2,0.54,0.51,2025-07-01,0958,N20,VIIRS,l,2.0NRT,305.29,7.34,D
36.30855,36.11461,342.19,0.55,0.51,2025-07-01,0958,N20,VIIRS,l,2.0NRT,315.82,13.44,D
36.33086,36.18831,348.2,0.54,0.51,2025-07-01,0958,N20,VIIRS,n,2.0NRT,302.21,20.63,D
36.31592,36.12503,341.25,0.55,0.51,2025-07-01,0958,N20,VIIRS,l,2.0NRT,312.37,7.43,D
36.31468,36.11979,344.37,0.55,0.51,2025-07-01,0958,N20,VIIRS,l,2.0NRT,314.76,7.43,D
36.31339,36.11436,351.66,0.55,0.51,2025-07-01,0958,N20,VIIRS,n,2.0NRT,316.76,13.44,D
36.33796,36.19771,355.05,0.54,0.51,2025-07-01,0958,N20,VIIRS,n,2.0NRT,303.41,164.36,D
36.33672,36.19242,355.08,0.54,0.51,2025-07-01,0958,N20,VIIRS,n,2.0NRT,306.99,164.36,D
36.3355,36.18726,355.16,0.54,0.51,2025-07-01,0958,N20,VIIRS,n,2.0NRT,311.36,62.7,D
36.33428,36.18208,356.29,0.54,0.51,2025-07-01,0958,N20,VIIRS,n,2.0NRT,311.57,62.7,D
36.33307,36.17693,348.17,0.54,0.51,2025-07-01,0958,N20,VIIRS,n,2.0NRT,315.89,34.96,D
36.31837,36.11466,344.24,0.55,0.51,2025-07-01,0958,N20,VIIRS,n,2.0NRT,315.89,10.64,D
36.34015,36.18625,367,0.54,0.51,2025-07-01,0958,N20,VIIRS,h,2.0NRT,336.02,62.7,D
36.33898,36.18129,367,0.54,0.51,2025-07-01,0958,N20,VIIRS,h,2.0NRT,318.29,62.7,D
36.34249,36.19622,346.87,0.54,0.51,2025-07-01,0958,N20,VIIRS,n,2.0NRT,306.38,164.36,D
36.33781,36.17632,352.86,0.54,0.51,2025-07-01,0958,N20,VIIRS,n,2.0NRT,315.94,34.96,D
36.3413,36.19118,367,0.54,0.51,2025-07-01,0958,N20,VIIRS,l,2.0NRT,361.59,164.36,D
36.34597,36.19025,347.54,0.54,0.51,2025-07-01,0958,N20,VIIRS,n,2.0NRT,313.81,93.59,D
36.34254,36.17567,351.78,0.54,0.51,2025-07-01,0958,N20,VIIRS,n,2.0NRT,318.45,21.65,D
36.34138,36.17075,345.51,0.54,0.51,2025-07-01,0958,N20,VIIRS,l,2.0NRT,318.69,21.65,D
36.34019,36.16564,345.66,0.54,0.51,2025-07-01,0958,N20,VIIRS,l,2.0NRT,319.14,14.8,D
36.34483,36.18542,367,0.54,0.51,2025-07-01,0958,N20,VIIRS,l,2.0NRT,361.38,207.87,D
36.34369,36.18055,351.86,0.54,0.51,2025-07-01,0958,N20,VIIRS,l,2.0NRT,328.17,207.87,D
36.34947,36.18435,367,0.54,0.51,2025-07-01,0958,N20,VIIRS,h,2.0NRT,351.54,207.87,D
36.35059,36.18914,336.86,0.54,0.51,2025-07-01,0958,N20,VIIRS,n,2.0NRT,305.84,93.59,D
36.34722,36.17477,354.83,0.54,0.51,2025-07-01,0958,N20,VIIRS,n,2.0NRT,322.98,21.65,D
36.34609,36.16998,352.58,0.54,0.51,2025-07-01,0958,N20,VIIRS,n,2.0NRT,316.38,21.65,D
36.34834,36.17955,367,0.54,0.51,2025-07-01,0958,N20,VIIRS,l,2.0NRT,328.65,207.87,D
36.91539,38.55152,367,0.4,0.44,2025-07-01,0958,N20,VIIRS,h,2.0NRT,320.28,8.7,D
36.9163,38.55587,343.5,0.4,0.44,2025-07-01,0958,N20,VIIRS,n,2.0NRT,315.61,8.7,D
37.19354,39.76418,348.63,0.52,0.41,2025-07-01,0958,N20,VIIRS,n,2.0NRT,322,14.78,D
36.81787,37.63757,350,0.44,0.46,2025-07-01,0958,N20,VIIRS,n,2.0NRT,318.65,9.71,D
36.82411,37.64577,347.09,0.44,0.46,2025-07-01,0958,N20,VIIRS,n,2.0NRT,321.51,21.27,D
36.84472,37.55626,353.82,0.45,0.47,2025-07-01,0958,N20,VIIRS,n,2.0NRT,325.82,26.64,D
36.86631,37.55666,347.6,0.45,0.47,2025-07-01,0958,N20,VIIRS,l,2.0NRT,319.92,12.02,D
36.86724,37.54074,349.83,0.45,0.47,2025-07-01,0958,N20,VIIRS,l,2.0NRT,321.03,15.59,D
37.08869,37.45779,344,0.45,0.47,2025-07-01,0958,N20,VIIRS,l,2.0NRT,318.14,6.5,D
36.26312,33.72961,330.66,0.37,0.58,2025-07-01,0958,N20,VIIRS,l,2.0NRT,304.97,3.88,D
36.26297,33.73098,330.61,0.37,0.58,2025-07-01,0958,N20,VIIRS,l,2.0NRT,304.57,4.24,D
37.39774,37.18673,344.4,0.45,0.47,2025-07-01,0958,N20,VIIRS,l,2.0NRT,315.2,3.37,D
37.78786,34.47311,343.02,0.62,0.54,2025-07-01,0958,N20,VIIRS,n,2.0NRT,305.47,8.09,D
37.78456,34.45964,338.93,0.62,0.54,2025-07-01,0958,N20,VIIRS,n,2.0NRT,303.66,7.1,D
37.78621,34.46637,356.54,0.62,0.54,2025-07-01,0958,N20,VIIRS,l,2.0NRT,304.28,7.1,D
37.78931,34.45779,339.78,0.62,0.54,2025-07-01,0958,N20,VIIRS,n,2.0NRT,304.46,7.1,D
37.7926,34.47126,356.52,0.62,0.54,2025-07-01,0958,N20,VIIRS,l,2.0NRT,304.57,8.09,D
37.79095,34.46452,356.52,0.62,0.54,2025-07-01,0958,N20,VIIRS,l,2.0NRT,304.42,7.1,D
37.7871,34.45882,350.18,0.62,0.54,2025-07-01,0958,N20,VIIRS,n,2.0NRT,304.07,7.61,D
37.78878,34.46553,355.92,0.62,0.54,2025-07-01,0958,N20,VIIRS,l,2.0NRT,304.07,25.39,D
37.79521,34.47041,342.53,0.62,0.54,2025-07-01,0958,N20,VIIRS,n,2.0NRT,306.28,4.42,D
37.79352,34.4637,339.21,0.62,0.54,2025-07-01,0958,N20,VIIRS,n,2.0NRT,304.96,4.42,D
37.52405,31.3029,367,0.46,0.63,2025-07-01,0958,N20,VIIRS,h,2.0NRT,304.51,15.2,D
37.52556,31.30839,338.71,0.46,0.63,2025-07-01,0958,N20,VIIRS,n,2.0NRT,297.9,15.2,D
37.53104,31.30575,367,0.46,0.63,2025-07-01,0958,N20,VIIRS,h,2.0NRT,301.16,15.2,D
37.52952,31.30021,352.5,0.46,0.63,2025-07-01,0958,N20,VIIRS,n,2.0NRT,303.89,15.2,D
37.52525,31.30547,367,0.46,0.63,2025-07-01,0958,N20,VIIRS,h,2.0NRT,302.02,17.82,D
37.52686,31.31117,340.49,0.46,0.63,2025-07-01,0958,N20,VIIRS,n,2.0NRT,297.31,17.82,D
37.52371,31.30002,351.18,0.46,0.63,2025-07-01,0958,N20,VIIRS,n,2.0NRT,305.48,33.57,D
37.53072,31.30279,367,0.46,0.63,2025-07-01,0958,N20,VIIRS,h,2.0NRT,303.35,17.82,D
39.18795,34.84584,342.8,0.54,0.51,2025-07-01,0958,N20,VIIRS,n,2.0NRT,304.28,5.07,D
39.25644,34.62388,339.61,0.56,0.51,2025-07-01,0958,N20,VIIRS,n,2.0NRT,304.37,6.65,D
39.25491,34.61755,340.53,0.56,0.51,2025-07-01,0958,N20,VIIRS,n,2.0NRT,304.49,5.34,D
39.25943,34.6157,340.37,0.56,0.51,2025-07-01,0958,N20,VIIRS,n,2.0NRT,304.52,5.34,D
39.45325,34.4921,334.04,0.56,0.51,2025-07-01,0958,N20,VIIRS,l,2.0NRT,307.26,6.18,D
38.45215,30.22787,335.09,0.49,0.65,2025-07-01,0958,N20,VIIRS,n,2.0NRT,298.55,4.01,D
38.48003,27.97826,332.4,0.64,0.72,2025-07-01,0958,N20,VIIRS,l,2.0NRT,302.81,6.54,D
38.47934,27.97953,331.26,0.64,0.72,2025-07-01,0958,N20,VIIRS,n,2.0NRT,301.19,5.19,D
38.49296,27.95416,367,0.64,0.72,2025-07-01,0958,N20,VIIRS,h,2.0NRT,306.21,44.08,D
38.35357,27.18491,350.45,0.7,0.75,2025-07-01,0958,N20,VIIRS,n,2.0NRT,299.65,9.13,D
38.35358,27.18066,348.3,0.7,0.75,2025-07-01,0958,N20,VIIRS,n,2.0NRT,300.36,9.38,D
41.24126,36.46664,331.04,0.41,0.45,2025-07-01,0958,N20,VIIRS,l,2.0NRT,304.89,2.68,D
36.30322,36.11953,367,0.72,0.75,2025-07-01,1138,N20,VIIRS,h,2.0NRT,310.87,27.9,D
36.30301,36.10959,352.62,0.71,0.75,2025-07-01,1138,N20,VIIRS,n,2.0NRT,310.26,27.9,D
36.31721,36.11829,367,0.72,0.75,2025-07-01,1138,N20,VIIRS,h,2.0NRT,310.62,27.64,D
36.30127,36.12051,367,0.72,0.75,2025-07-01,1138,N20,VIIRS,h,2.0NRT,309.3,34.63,D
36.30111,36.11043,351.71,0.72,0.75,2025-07-01,1138,N20,VIIRS,n,2.0NRT,311.25,37.93,D
36.31529,36.12027,367,0.72,0.75,2025-07-01,1138,N20,VIIRS,h,2.0NRT,311.33,36.94,D
36.34436,36.17835,367,0.72,0.76,2025-07-01,1138,N20,VIIRS,h,2.0NRT,307.52,39.64,D
36.35166,36.1934,343.6,0.72,0.76,2025-07-01,1138,N20,VIIRS,n,2.0NRT,304.3,6.74,D
37.04124,35.22626,350.04,0.64,0.72,2025-07-01,1138,N20,VIIRS,n,2.0NRT,301.16,16.24,D
37.04104,35.21901,356.15,0.64,0.72,2025-07-01,1138,N20,VIIRS,n,2.0NRT,303.45,19.57,D
37.03704,35.22388,367,0.64,0.72,2025-07-01,1138,N20,VIIRS,h,2.0NRT,302.96,24.17,D
38.49265,27.94704,343.75,0.53,0.5,2025-07-01,1140,N20,VIIRS,n,2.0NRT,307.53,9.88,D
38.50798,27.96371,340.67,0.53,0.5,2025-07-01,1140,N20,VIIRS,l,2.0NRT,311.33,4.76,D
38.50748,27.95739,340.02,0.53,0.5,2025-07-01,1140,N20,VIIRS,l,2.0NRT,311.05,4.76,D
38.51215,27.95734,332.75,0.53,0.5,2025-07-01,1140,N20,VIIRS,l,2.0NRT,306.49,4.76,D
38.65468,27.71721,345.11,0.51,0.5,2025-07-01,1140,N20,VIIRS,n,2.0NRT,303.32,12.13,D
38.65427,27.7119,342.19,0.51,0.5,2025-07-01,1140,N20,VIIRS,n,2.0NRT,305.19,12.13,D
40.1181,28.20331,345.83,0.56,0.52,2025-07-01,1140,N20,VIIRS,n,2.0NRT,300.93,8.17,D
37.59538,39.44714,310.68,0.51,0.66,2025-07-01,2218,N20,VIIRS,n,2.0NRT,290.01,1.03,N
37.43854,39.36588,302.43,0.51,0.66,2025-07-01,2218,N20,VIIRS,n,2.0NRT,287.8,0.51,N
37.43833,39.37176,300,0.51,0.66,2025-07-01,2218,N20,VIIRS,n,2.0NRT,288.42,0.51,N
37.43867,39.37184,302.57,0.51,0.66,2025-07-01,2218,N20,VIIRS,n,2.0NRT,288.55,0.96,N
37.44907,37.10427,304.24,0.68,0.74,2025-07-01,2218,N20,VIIRS,n,2.0NRT,289.26,1.27,N
37.44893,37.11193,306.33,0.68,0.74,2025-07-01,2218,N20,VIIRS,n,2.0NRT,289.2,1.27,N
37.44206,37.11115,331.92,0.68,0.74,2025-07-01,2218,N20,VIIRS,n,2.0NRT,290.29,6.32,N
37.37305,39.4768,300.85,0.5,0.66,2025-07-01,2218,N20,VIIRS,n,2.0NRT,289.75,1.21,N
37.39027,38.63648,312.27,0.56,0.69,2025-07-01,2218,N20,VIIRS,n,2.0NRT,289.17,2.15,N
37.39006,38.64319,314.88,0.56,0.69,2025-07-01,2218,N20,VIIRS,n,2.0NRT,290.27,2.15,N
37.27322,39.80009,316.13,0.48,0.65,2025-07-01,2218,N20,VIIRS,n,2.0NRT,290.25,2.41,N
37.26723,39.79942,316.71,0.48,0.65,2025-07-01,2218,N20,VIIRS,n,2.0NRT,290.92,2.53,N
37.267,39.80489,310.37,0.48,0.65,2025-07-01,2218,N20,VIIRS,n,2.0NRT,292.18,2.22,N
37.26796,39.48932,299.93,0.5,0.66,2025-07-01,2218,N20,VIIRS,n,2.0NRT,289.62,0.68,N
37.24295,39.94497,305.43,0.47,0.64,2025-07-01,2218,N20,VIIRS,n,2.0NRT,291.37,0.53,N
37.27671,38.72823,305.36,0.55,0.68,2025-07-01,2218,N20,VIIRS,n,2.0NRT,290.29,0.89,N
37.29647,37.15088,299.73,0.68,0.74,2025-07-01,2218,N20,VIIRS,n,2.0NRT,289.3,1.08,N
37.29591,37.15363,301.88,0.68,0.74,2025-07-01,2218,N20,VIIRS,n,2.0NRT,290.09,1.15,N
37.14355,39.82631,300.06,0.48,0.65,2025-07-01,2218,N20,VIIRS,n,2.0NRT,288.82,0.44,N
37.09089,40.34724,309.93,0.45,0.63,2025-07-01,2218,N20,VIIRS,n,2.0NRT,289.84,0.79,N
37.09634,39.80574,308.74,0.48,0.65,2025-07-01,2218,N20,VIIRS,n,2.0NRT,290.02,0.92,N
37.0748,40.315,301.26,0.45,0.63,2025-07-01,2218,N20,VIIRS,n,2.0NRT,290.85,1.03,N
37.06897,40.31446,305.9,0.45,0.63,2025-07-01,2218,N20,VIIRS,n,2.0NRT,291.09,0.98,N
37.06875,40.3195,303.15,0.45,0.63,2025-07-01,2218,N20,VIIRS,n,2.0NRT,292.41,0.98,N
37.0912,40.34491,301.38,0.45,0.63,2025-07-01,2218,N20,VIIRS,n,2.0NRT,288.92,0.64,N
37.07505,40.3178,306.12,0.45,0.63,2025-07-01,2218,N20,VIIRS,n,2.0NRT,290.84,0.58,N
37.09386,39.80362,302.8,0.48,0.65,2025-07-01,2218,N20,VIIRS,n,2.0NRT,289.49,0.83,N
37.06922,40.31728,318.94,0.45,0.63,2025-07-01,2218,N20,VIIRS,n,2.0NRT,292.13,2.1,N
37.00426,39.14062,300.87,0.52,0.67,2025-07-01,2218,N20,VIIRS,n,2.0NRT,288.52,0.63,N
36.95483,38.42286,300.87,0.57,0.69,2025-07-01,2218,N20,VIIRS,n,2.0NRT,290.34,0.97,N
36.95368,38.42178,304.72,0.57,0.69,2025-07-01,2218,N20,VIIRS,n,2.0NRT,290.61,0.85,N
36.73541,39.43977,323.2,0.5,0.66,2025-07-01,2218,N20,VIIRS,n,2.0NRT,290.54,3.84,N
36.73564,39.43404,319,0.5,0.66,2025-07-01,2218,N20,VIIRS,n,2.0NRT,289.35,3.44,N
36.69296,39.26883,307.78,0.51,0.66,2025-07-01,2218,N20,VIIRS,n,2.0NRT,290.72,0.73,N
36.73362,36.20492,304.4,0.76,0.77,2025-07-01,2218,N20,VIIRS,n,2.0NRT,290.42,2.53,N
38.21521,40.44927,304.66,0.45,0.63,2025-07-01,2218,N20,VIIRS,n,2.0NRT,291.15,0.75,N
38.21603,40.44868,305.46,0.45,0.63,2025-07-01,2218,N20,VIIRS,n,2.0NRT,290.58,0.9,N
41.10767,37.32248,297.48,0.46,0.47,2025-07-01,2358,N20,VIIRS,n,2.0NRT,286.16,0.59,N
41.24221,36.46289,338.34,0.42,0.45,2025-07-01,2358,N20,VIIRS,n,2.0NRT,291.4,3.91,N
41.23854,36.44065,300.01,0.41,0.45,2025-07-01,2358,N20,VIIRS,n,2.0NRT,288.84,0.31,N
41.19343,32.62139,313.06,0.44,0.38,2025-07-01,2358,N20,VIIRS,n,2.0NRT,288.33,1.4,N
41.17583,32.63714,308.4,0.44,0.38,2025-07-01,2358,N20,VIIRS,n,2.0NRT,290.15,2.07,N
41.17337,32.6308,314.44,0.44,0.38,2025-07-01,2358,N20,VIIRS,n,2.0NRT,288.29,1.62,N
41.26686,31.42549,317.74,0.41,0.37,2025-07-01,2358,N20,VIIRS,n,2.0NRT,293.43,1.4,N
41.26352,31.42445,317.32,0.41,0.37,2025-07-01,2358,N20,VIIRS,n,2.0NRT,292.45,1.78,N
41.25521,31.41181,309.8,0.41,0.37,2025-07-01,2358,N20,VIIRS,n,2.0NRT,290.22,0.8,N
41.79764,26.70267,301.03,0.41,0.37,2025-07-01,2358,N20,VIIRS,n,2.0NRT,288.86,0.75,N
41.63731,27.50719,303.95,0.4,0.37,2025-07-01,2358,N20,VIIRS,n,2.0NRT,290.18,0.88,N
40.76594,32.21877,295.81,0.43,0.38,2025-07-01,2358,N20,VIIRS,n,2.0NRT,283.2,0.65,N
40.76462,32.21601,296.11,0.43,0.38,2025-07-01,2358,N20,VIIRS,n,2.0NRT,282.45,0.52,N
40.75802,31.78337,303.28,0.42,0.38,2025-07-01,2358,N20,VIIRS,n,2.0NRT,286.67,1.35,N
40.92769,29.78061,298.08,0.39,0.36,2025-07-01,2358,N20,VIIRS,n,2.0NRT,286.76,0.4,N
41.02259,28.55656,312.75,0.39,0.36,2025-07-01,2358,N20,VIIRS,n,2.0NRT,293.52,0.94,N
41.01931,28.55569,310.77,0.39,0.36,2025-07-01,2358,N20,VIIRS,n,2.0NRT,292.33,1.07,N
40.78273,29.60039,310.35,0.39,0.36,2025-07-01,2358,N20,VIIRS,n,2.0NRT,293.18,0.61,N
40.75682,29.75834,305.12,0.39,0.36,2025-07-01,2358,N20,VIIRS,n,2.0NRT,291.64,1.53,N
40.42571,29.27093,319.63,0.38,0.36,2025-07-01,2358,N20,VIIRS,n,2.0NRT,293.1,1.31,N
38.45549,38.72774,303.01,0.63,0.54,2025-07-01,2358,N20,VIIRS,n,2.0NRT,290.38,1.59,N
38.45373,38.72705,300.46,0.63,0.54,2025-07-01,2358,N20,VIIRS,n,2.0NRT,290.05,0.91,N
38.76084,37.27974,300.62,0.52,0.5,2025-07-01,2358,N20,VIIRS,n,2.0NRT,281.25,1.82,N
40.24292,29.92516,302.41,0.39,0.36,2025-07-01,2358,N20,VIIRS,n,2.0NRT,288.92,0.88,N
38.00785,40.1956,309.22,0.39,0.59,2025-07-01,2358,N20,VIIRS,n,2.0NRT,290.71,0.66,N
40.18654,29.22793,303.35,0.38,0.36,2025-07-01,2358,N20,VIIRS,n,2.0NRT,291.44,0.79,N
39.83677,30.29908,301.8,0.4,0.37,2025-07-01,2358,N20,VIIRS,n,2.0NRT,287.69,0.7,N
39.83598,30.30362,301.56,0.4,0.37,2025-07-01,2358,N20,VIIRS,n,2.0NRT,287.56,0.7,N
39.74421,30.19849,296.47,0.4,0.37,2025-07-01,2358,N20,VIIRS,n,2.0NRT,286,0.64,N
37.33843,40.80285,305.17,0.43,0.62,2025-07-01,2358,N20,VIIRS,n,2.0NRT,293.23,0.96,N
39.90163,28.87181,304.73,0.38,0.36,2025-07-01,2358,N20,VIIRS,n,2.0NRT,287.66,0.72,N
37.3414,40.80152,302.5,0.43,0.62,2025-07-01,2358,N20,VIIRS,n,2.0NRT,291.93,1.38,N
40.01575,27.00267,303.44,0.4,0.37,2025-07-01,2358,N20,VIIRS,n,2.0NRT,290.85,0.65,N
37.6167,38.87107,298.62,0.34,0.56,2025-07-01,2358,N20,VIIRS,n,2.0NRT,288.41,0.2,N
39.48359,30.04105,301.1,0.39,0.37,2025-07-01,2358,N20,VIIRS,n,2.0NRT,286.45,1.25,N
37.54063,39.0266,324.66,0.34,0.56,2025-07-01,2358,N20,VIIRS,n,2.0NRT,288.14,1.85,N
37.21317,40.09586,307.45,0.4,0.6,2025-07-01,2358,N20,VIIRS,n,2.0NRT,293.46,0.96,N
37.26854,39.76241,325.63,0.38,0.59,2025-07-01,2358,N20,VIIRS,n,2.0NRT,290.85,1.25,N
37.26518,39.76162,356.11,0.38,0.59,2025-07-01,2358,N20,VIIRS,n,2.0NRT,302.92,21.32,N
37.2641,39.76575,340.34,0.38,0.59,2025-07-01,2358,N20,VIIRS,n,2.0NRT,294.35,23.03,N
37.26627,39.75749,305.21,0.38,0.59,2025-07-01,2358,N20,VIIRS,n,2.0NRT,289.75,21.32,N
37.07703,40.4011,315.24,0.42,0.61,2025-07-01,2358,N20,VIIRS,n,2.0NRT,290.09,1.59,N
37.07581,40.40561,303.67,0.42,0.61,2025-07-01,2358,N20,VIIRS,n,2.0NRT,290.98,1.26,N
37.07169,40.39883,327.56,0.42,0.61,2025-07-01,2358,N20,VIIRS,n,2.0NRT,289.97,3.97,N
37.07047,40.40335,323.74,0.42,0.61,2025-07-01,2358,N20,VIIRS,n,2.0NRT,290.46,3.89,N
37.13353,40.16963,304.59,0.4,0.6,2025-07-01,2358,N20,VIIRS,n,2.0NRT,292.73,1.1,N
37.1983,39.90569,355.76,0.39,0.59,2025-07-01,2358,N20,VIIRS,n,2.0NRT,295.34,7.59,N
37.19942,39.90147,315.92,0.39,0.59,2025-07-01,2358,N20,VIIRS,n,2.0NRT,288.77,8,N
37.19717,39.90992,306.87,0.39,0.59,2025-07-01,2358,N20,VIIRS,n,2.0NRT,289.79,7.59,N
37.06979,40.3182,304.23,0.41,0.61,2025-07-01,2358,N20,VIIRS,n,2.0NRT,290.94,0.78,N
37.17216,39.89526,299.08,0.39,0.59,2025-07-01,2358,N20,VIIRS,n,2.0NRT,288.73,0.19,N
37.16671,39.78661,299.51,0.39,0.59,2025-07-01,2358,N20,VIIRS,n,2.0NRT,289.32,0.61,N
39.86507,26.24425,331.44,0.41,0.37,2025-07-01,2358,N20,VIIRS,n,2.0NRT,296.73,3.61,N
39.86539,26.24316,330.95,0.41,0.37,2025-07-01,2358,N20,VIIRS,n,2.0NRT,295.79,3.41,N
37.16843,39.79135,302.49,0.39,0.59,2025-07-01,2358,N20,VIIRS,n,2.0NRT,290.04,0.82,N
39.60848,27.88118,303,0.39,0.36,2025-07-01,2358,N20,VIIRS,n,2.0NRT,292.41,0.3,N
36.82836,39.41489,302.02,0.38,0.58,2025-07-01,2358,N20,VIIRS,n,2.0NRT,289.44,0.31,N
36.91109,38.96935,314.04,0.35,0.57,2025-07-01,2358,N20,VIIRS,n,2.0NRT,290.23,1.42,N
37.35229,37.16434,303.64,0.55,0.51,2025-07-01,2358,N20,VIIRS,n,2.0NRT,293.44,1.32,N
36.99117,38.52677,307.93,0.33,0.56,2025-07-01,2358,N20,VIIRS,n,2.0NRT,292.33,0.52,N
36.8432,39.0605,309.82,0.36,0.57,2025-07-01,2358,N20,VIIRS,n,2.0NRT,288.8,0.84,N
39.16904,27.63262,313.25,0.39,0.36,2025-07-01,2358,N20,VIIRS,n,2.0NRT,294.62,1.1,N
37.29498,37.15591,306.42,0.55,0.51,2025-07-01,2358,N20,VIIRS,n,2.0NRT,292.44,1.06,N
38.6581,30.61821,304.65,0.41,0.37,2025-07-01,2358,N20,VIIRS,n,2.0NRT,288.11,1.14,N
39.11378,27.52418,306.4,0.39,0.36,2025-07-01,2358,N20,VIIRS,n,2.0NRT,291.71,1.25,N
39.0914,27.5141,309.27,0.39,0.36,2025-07-01,2358,N20,VIIRS,n,2.0NRT,292.37,0.78,N
37.9399,32.532,301.61,0.48,0.4,2025-07-01,2358,N20,VIIRS,n,2.0NRT,289.47,0.45,N
37.93948,32.53601,303.14,0.48,0.4,2025-07-01,2358,N20,VIIRS,n,2.0NRT,290.42,0.93,N
37.02328,36.11044,308.02,0.5,0.49,2025-07-01,2358,N20,VIIRS,n,2.0NRT,292.85,1.08,N
38.73943,26.9479,310.01,0.39,0.36,2025-07-01,2358,N20,VIIRS,n,2.0NRT,296.92,1.31,N
38.73676,26.94264,306.27,0.39,0.36,2025-07-01,2358,N20,VIIRS,n,2.0NRT,295.59,1.45,N
38.73611,26.94712,316.16,0.39,0.36,2025-07-01,2358,N20,VIIRS,n,2.0NRT,297.82,1.31,N
38.45514,27.26128,307.25,0.39,0.36,2025-07-01,2358,N20,VIIRS,n,2.0NRT,295.82,1.41,N
36.74618,36.20263,310.44,0.51,0.49,2025-07-01,2358,N20,VIIRS,n,2.0NRT,293.26,1.26,N
36.73045,36.20889,310.75,0.51,0.49,2025-07-01,2358,N20,VIIRS,n,2.0NRT,294.35,3.59,N
36.71857,36.19876,338.5,0.51,0.49,2025-07-01,2358,N20,VIIRS,n,2.0NRT,293.84,5.36,N
36.71733,36.20398,303.92,0.51,0.49,2025-07-01,2358,N20,VIIRS,n,2.0NRT,292.52,3.2,N
38.42741,27.21801,314.57,0.39,0.36,2025-07-01,2358,N20,VIIRS,n,2.0NRT,297.03,1.81,N
36.72028,36.20385,337.84,0.51,0.49,2025-07-01,2358,N20,VIIRS,n,2.0NRT,293.34,3.87,N
36.7159,36.20222,315.29,0.51,0.49,2025-07-01,2358,N20,VIIRS,n,2.0NRT,292.72,3.87,N
36.86855,34.76295,307.67,0.43,0.46,2025-07-01,2358,N20,VIIRS,n,2.0NRT,294.61,1.75,N
37.90773,29.10813,301.91,0.39,0.36,2025-07-01,2358,N20,VIIRS,n,2.0NRT,291.27,0.34,N
37.86281,29.37471,318.82,0.39,0.36,2025-07-01,2358,N20,VIIRS,n,2.0NRT,294.61,1.79,N
38.16858,27.33525,313.49,0.39,0.36,2025-07-01,2358,N20,VIIRS,n,2.0NRT,294.37,1.74,N
37.77142,27.43849,308.82,0.39,0.36,2025-07-01,2358,N20,VIIRS,n,2.0NRT,296.3,1.98,N
37.61375,28.44279,314.68,0.39,0.36,2025-07-01,2358,N20,VIIRS,n,2.0NRT,294.26,1.17,N
37.25338,30.44454,312.53,0.42,0.38,2025-07-01,2358,N20,VIIRS,n,2.0NRT,293.81,1.47,N
36.26519,33.72966,307.1,0.39,0.44,2025-07-01,2358,N20,VIIRS,n,2.0NRT,294.59,0.65,N
36.26128,33.7284,305.58,0.39,0.44,2025-07-01,2358,N20,VIIRS,n,2.0NRT,294.19,0.65,N
36.26295,33.72997,316.42,0.39,0.44,2025-07-01,2358,N20,VIIRS,n,2.0NRT,296.36,1.4,N
