latitude,longitude,brightness,scan,track,acq_date,acq_time,satellite,instrument,confidence,version,bright_t31,frp,daynight,type
41.18333,32.63499,297.85,0.4,0.6,2025-06-30,0035,N20,VIIRS,n,2,283.56,0.66,N,2
41.17824,32.63216,295.56,0.4,0.6,2025-06-30,0035,N20,VIIRS,n,2,284.01,0.66,N,2
41.17316,32.62928,296.84,0.4,0.6,2025-06-30,0035,N20,VIIRS,n,2,282.22,0.5,N,2
41.26803,31.42494,305.83,0.34,0.56,2025-06-30,0035,N20,VIIRS,n,2,286.04,1.06,N,2
41.26313,31.42267,311.72,0.34,0.56,2025-06-30,0035,N20,VIIRS,n,2,286.05,1.06,N,2
41.26208,31.42654,301.42,0.34,0.56,2025-06-30,0035,N20,VIIRS,n,2,286.27,0.88,N,2
41.26105,31.43036,298.62,0.34,0.56,2025-06-30,0035,N20,VIIRS,n,2,285.42,0.88,N,2
41.25614,31.42807,297.86,0.34,0.56,2025-06-30,0035,N20,VIIRS,n,2,285.63,0.79,N,2
41.25438,31.4142,306.68,0.34,0.56,2025-06-30,0035,N20,VIIRS,n,2,285.55,0.85,N,2
41.26538,31.42501,323.29,0.34,0.56,2025-06-30,0035,N20,VIIRS,n,2,288.21,1.33,N,2
41.2664,31.42114,298.45,0.34,0.56,2025-06-30,0035,N20,VIIRS,n,2,284.6,1.33,N,2
41.25946,31.42657,308.21,0.34,0.56,2025-06-30,0035,N20,VIIRS,n,2,285,1.28,N,2
41.25848,31.43024,298.67,0.34,0.56,2025-06-30,0035,N20,VIIRS,n,2,285.37,1.28,N,2
41.25763,31.41267,298.8,0.34,0.56,2025-06-30,0035,N20,VIIRS,n,2,284.34,0.86,N,2
41.25661,31.41653,301.71,0.34,0.56,2025-06-30,0035,N20,VIIRS,n,2,285.15,0.78,N,2
40.04335,32.77987,301.72,0.43,0.62,2025-06-30,0035,N20,VIIRS,n,2,280.48,0.56,N,0
40.1855,29.22487,299.11,0.57,0.52,2025-06-30,0035,N20,VIIRS,n,2,288.49,0.97,N,2
39.83596,30.30083,297.17,0.33,0.55,2025-06-30,0035,N20,VIIRS,n,2,283.61,0.54,N,2
39.74511,30.19697,296.19,0.33,0.55,2025-06-30,0035,N20,VIIRS,n,2,282.2,0.65,N,2
39.48565,30.04051,310.28,0.33,0.55,2025-06-30,0036,N20,VIIRS,n,2,282.5,1.54,N,2
39.48558,30.04023,302.82,0.33,0.55,2025-06-30,0036,N20,VIIRS,n,2,281.51,0.73,N,2
39.48469,30.0437,295.07,0.33,0.55,2025-06-30,0036,N20,VIIRS,n,2,283.03,0.73,N,2
40.01716,27.00545,297.98,0.44,0.46,2025-06-30,0036,N20,VIIRS,n,2,287.57,0.61,N,0
39.86734,26.24642,311.76,0.41,0.45,2025-06-30,0036,N20,VIIRS,n,2,290.17,1.07,N,2
39.86336,26.24488,309.23,0.41,0.45,2025-06-30,0036,N20,VIIRS,n,2,289.63,1.07,N,2
38.66196,30.61827,295.42,0.37,0.58,2025-06-30,0036,N20,VIIRS,n,2,280.92,1.14,N,0
37.01539,36.10191,301.99,0.78,0.78,2025-06-30,0036,N20,VIIRS,n,2,289.98,1.19,N,2
39.50352,26.30123,301.03,0.42,0.45,2025-06-30,0036,N20,VIIRS,n,2,287.53,0.53,N,0
39.11382,27.52323,299.56,0.49,0.49,2025-06-30,0036,N20,VIIRS,n,2,288.52,0.89,N,2
39.09233,27.51456,303.57,0.49,0.49,2025-06-30,0036,N20,VIIRS,n,2,288.46,1.09,N,0
38.9732,27.9466,318.83,0.52,0.5,2025-06-30,0036,N20,VIIRS,n,2,287.62,3.04,N,0
38.95724,27.95273,306.54,0.52,0.5,2025-06-30,0036,N20,VIIRS,n,2,286.83,1.12,N,0
38.95277,27.95119,337.54,0.52,0.5,2025-06-30,0036,N20,VIIRS,n,2,291.1,5.03,N,0
38.95404,27.94591,305.23,0.52,0.5,2025-06-30,0036,N20,VIIRS,n,2,287.95,5.23,N,0
38.94844,27.94909,325.89,0.52,0.5,2025-06-30,0036,N20,VIIRS,n,2,289.17,5.03,N,0
38.94909,27.92616,307.35,0.52,0.5,2025-06-30,0036,N20,VIIRS,n,2,289.74,2.87,N,0
38.94463,27.9246,328.19,0.52,0.5,2025-06-30,0036,N20,VIIRS,n,2,291.2,2.87,N,0
38.93965,27.94539,298.89,0.52,0.5,2025-06-30,0036,N20,VIIRS,n,2,288.25,0.95,N,0
38.92997,27.92529,299.68,0.52,0.5,2025-06-30,0036,N20,VIIRS,n,2,288.64,0.96,N,0
38.75291,26.93785,308.48,0.47,0.48,2025-06-30,0036,N20,VIIRS,n,2,291.15,1.13,N,2
38.74083,26.9504,307.73,0.47,0.48,2025-06-30,0036,N20,VIIRS,n,2,292.97,1.62,N,2
38.73781,26.94353,312.32,0.47,0.48,2025-06-30,0036,N20,VIIRS,n,2,292.85,1.62,N,2
38.42778,27.21765,304.18,0.49,0.49,2025-06-30,0036,N20,VIIRS,n,2,292.66,0.84,N,2
38.16317,26.99772,339.4,0.49,0.48,2025-06-30,0036,N20,VIIRS,n,2,292.99,8.54,N,0
38.18479,26.8643,305.86,0.48,0.48,2025-06-30,0036,N20,VIIRS,n,2,292.5,1.11,N,0
38.18361,26.86939,304.45,0.48,0.48,2025-06-30,0036,N20,VIIRS,n,2,292.04,1.22,N,0
38.15774,26.94074,312.78,0.49,0.48,2025-06-30,0036,N20,VIIRS,n,2,292.71,4.79,N,0
38.15665,26.94547,311.5,0.49,0.48,2025-06-30,0036,N20,VIIRS,n,2,295.83,4.79,N,0
38.16716,26.88025,325.68,0.48,0.48,2025-06-30,0036,N20,VIIRS,n,2,291.72,3.21,N,0
38.16594,26.8855,342.11,0.48,0.48,2025-06-30,0036,N20,VIIRS,n,2,294.66,6.83,N,0
38.15354,26.9388,338.23,0.49,0.48,2025-06-30,0036,N20,VIIRS,n,2,296.47,4.79,N,0
38.15244,26.94352,310.94,0.49,0.48,2025-06-30,0036,N20,VIIRS,n,2,294.53,4.79,N,0
38.14927,26.93709,346.21,0.49,0.48,2025-06-30,0036,N20,VIIRS,n,2,296.6,4.92,N,0
38.14817,26.94181,304.55,0.49,0.48,2025-06-30,0036,N20,VIIRS,n,2,294.12,4.92,N,0
38.14501,26.93539,339.84,0.49,0.48,2025-06-30,0036,N20,VIIRS,n,2,296.38,4.92,N,0
38.15606,26.88805,318.27,0.48,0.48,2025-06-30,0036,N20,VIIRS,n,2,291.73,2.13,N,0
38.15177,26.88651,337.81,0.48,0.48,2025-06-30,0036,N20,VIIRS,n,2,292.72,3.75,N,0
38.15046,26.89212,331.12,0.48,0.48,2025-06-30,0036,N20,VIIRS,n,2,292.27,6.12,N,0
38.14072,26.9338,305.78,0.49,0.48,2025-06-30,0036,N20,VIIRS,n,2,292.58,2.25,N,0
38.14747,26.88502,318.23,0.48,0.48,2025-06-30,0036,N20,VIIRS,n,2,290.62,3.75,N,0
38.1268,26.97333,306.89,0.49,0.48,2025-06-30,0036,N20,VIIRS,n,2,289.88,1.66,N,0
38.15184,26.84638,327.46,0.48,0.48,2025-06-30,0036,N20,VIIRS,n,2,293.81,7.28,N,0
38.13318,26.92617,306.45,0.49,0.48,2025-06-30,0036,N20,VIIRS,n,2,292.96,0.91,N,0
38.14754,26.84495,342.19,0.48,0.48,2025-06-30,0036,N20,VIIRS,n,2,298.2,7.28,N,0
38.14875,26.83975,317.93,0.48,0.48,2025-06-30,0036,N20,VIIRS,n,2,292.48,5.93,N,0
38.13897,26.88156,313.6,0.48,0.48,2025-06-30,0036,N20,VIIRS,n,2,292.99,1.35,N,0
38.12889,26.92457,305.6,0.49,0.48,2025-06-30,0036,N20,VIIRS,n,2,292.23,0.91,N,0
38.14443,26.83841,341.46,0.48,0.48,2025-06-30,0036,N20,VIIRS,n,2,299.71,11.33,N,0
38.14323,26.84353,307.03,0.48,0.48,2025-06-30,0036,N20,VIIRS,n,2,292.44,8.33,N,0
38.13479,26.87959,312.5,0.48,0.48,2025-06-30,0036,N20,VIIRS,n,2,291.64,1.59,N,0
38.13355,26.88486,318.16,0.48,0.48,2025-06-30,0036,N20,VIIRS,n,2,293.32,1.82,N,0
38.12462,26.92293,306.78,0.49,0.48,2025-06-30,0036,N20,VIIRS,n,2,294.15,2.11,N,0
38.14013,26.83695,338.67,0.48,0.48,2025-06-30,0036,N20,VIIRS,n,2,294.51,11.33,N,0
38.13055,26.87782,307.5,0.48,0.48,2025-06-30,0036,N20,VIIRS,n,2,292.15,1.59,N,0
38.12938,26.88281,309.08,0.48,0.48,2025-06-30,0036,N20,VIIRS,n,2,292.96,1.82,N,0
38.10487,26.96714,332.62,0.49,0.48,2025-06-30,0036,N20,VIIRS,n,2,292.88,4.79,N,0
38.13035,26.8391,326.9,0.48,0.48,2025-06-30,0036,N20,VIIRS,n,2,292.27,2.65,N,0
38.14469,26.837,338.01,0.48,0.48,2025-06-30,0036,N20,VIIRS,n,2,293.53,7.51,N,0
38.14353,26.84207,330.62,0.48,0.48,2025-06-30,0036,N20,VIIRS,n,2,297.43,7.51,N,0
38.13408,26.8836,327.71,0.48,0.48,2025-06-30,0036,N20,VIIRS,n,2,293.49,2.98,N,0
38.12538,26.92171,308.47,0.49,0.48,2025-06-30,0036,N20,VIIRS,n,2,293.68,1,N,0
38.13924,26.84057,337.38,0.48,0.48,2025-06-30,0036,N20,VIIRS,n,2,294.26,7.51,N,0
38.1404,26.83553,308.2,0.48,0.48,2025-06-30,0036,N20,VIIRS,n,2,292.99,7.51,N,0
38.12989,26.88158,318.92,0.48,0.48,2025-06-30,0036,N20,VIIRS,n,2,293.6,2.98,N,0
38.12111,26.92006,303.52,0.49,0.48,2025-06-30,0036,N20,VIIRS,n,2,292.56,1,N,0
38.10585,26.96632,332.6,0.49,0.48,2025-06-30,0036,N20,VIIRS,n,2,292.7,3.37,N,0
38.13066,26.8376,324.63,0.48,0.48,2025-06-30,0036,N20,VIIRS,n,2,291.59,2.67,N,0
38.12951,26.84263,310.24,0.48,0.48,2025-06-30,0036,N20,VIIRS,n,2,292.66,1.5,N,0
38.12401,26.84641,337.91,0.48,0.48,2025-06-30,0036,N20,VIIRS,n,2,295.32,10.28,N,0
38.09715,26.96357,337.91,0.49,0.48,2025-06-30,0036,N20,VIIRS,n,2,294.31,5.77,N,0
38.09604,26.96841,333.81,0.49,0.48,2025-06-30,0036,N20,VIIRS,n,2,297.53,12.88,N,0
38.12634,26.83623,305.11,0.48,0.48,2025-06-30,0036,N20,VIIRS,n,2,292.29,0.54,N,0
38.1117,26.87986,310.05,0.48,0.48,2025-06-30,0036,N20,VIIRS,n,2,291.56,1.09,N,0
38.09279,26.96225,303.96,0.49,0.48,2025-06-30,0036,N20,VIIRS,n,2,292.59,5.77,N,0
38.10196,26.88183,319.59,0.48,0.48,2025-06-30,0036,N20,VIIRS,n,2,292.71,2.41,N,0
38.08542,26.91327,311.13,0.49,0.48,2025-06-30,0036,N20,VIIRS,n,2,292.9,1,N,0
38.08891,26.87793,304.36,0.48,0.48,2025-06-30,0036,N20,VIIRS,n,2,292.13,0.83,N,0
38.08761,26.88357,310.6,0.48,0.48,2025-06-30,0036,N20,VIIRS,n,2,292.75,1.21,N,0
38.09042,26.85124,303.77,0.48,0.48,2025-06-30,0036,N20,VIIRS,n,2,292.75,0.98,N,0
38.0827,26.86457,302.29,0.48,0.48,2025-06-30,0036,N20,VIIRS,n,2,292.03,0.76,N,0
38.08184,26.84818,329.08,0.48,0.48,2025-06-30,0036,N20,VIIRS,n,2,293.72,4.09,N,3
38.06293,26.86959,306.35,0.48,0.48,2025-06-30,0036,N20,VIIRS,n,2,293.34,16.11,N,0
38.05864,26.86805,339.31,0.48,0.48,2025-06-30,0036,N20,VIIRS,n,2,302.09,16.11,N,0
38.05743,26.87329,303.33,0.48,0.48,2025-06-30,0036,N20,VIIRS,n,2,293.13,8.5,N,0
38.05435,26.8665,340.22,0.48,0.48,2025-06-30,0036,N20,VIIRS,n,2,298.2,9.31,N,0
38.05317,26.87159,310.14,0.48,0.48,2025-06-30,0036,N20,VIIRS,n,2,293.32,9.66,N,0
38.04887,26.87003,347.35,0.48,0.48,2025-06-30,0036,N20,VIIRS,n,2,295.15,9.66,N,0
38.05123,26.85992,313.77,0.48,0.48,2025-06-30,0036,N20,VIIRS,n,2,292.85,9.31,N,0
38.05005,26.86497,306.43,0.48,0.48,2025-06-30,0036,N20,VIIRS,n,2,292.76,9.31,N,0
38.04457,26.86854,339.41,0.48,0.48,2025-06-30,0036,N20,VIIRS,n,2,295.32,3.58,N,0
38.04138,26.86226,305.79,0.48,0.48,2025-06-30,0036,N20,VIIRS,n,2,292.03,3.31,N,3
38.04017,26.86743,317.23,0.48,0.48,2025-06-30,0036,N20,VIIRS,n,2,292.58,3.58,N,0
36.88949,30.95419,306.38,0.42,0.61,2025-06-30,0036,N20,VIIRS,n,2,292.96,0.38,N,0
36.90781,39.81548,367,0.38,0.36,2025-06-30,1016,N20,VIIRS,h,2,360.02,221.67,D,0
36.90848,39.81976,367,0.38,0.36,2025-06-30,1016,N20,VIIRS,l,2,331.16,221.67,D,0
36.91175,39.81896,367,0.38,0.36,2025-06-30,1016,N20,VIIRS,l,2,334.75,221.67,D,0
36.91109,39.81469,367,0.38,0.36,2025-06-30,1016,N20,VIIRS,l,2,374.52,221.67,D,0
36.91504,39.81817,354.04,0.38,0.36,2025-06-30,1016,N20,VIIRS,l,2,332.12,73.29,D,0
36.91899,39.82165,347.19,0.38,0.36,2025-06-30,1016,N20,VIIRS,l,2,320.76,26.73,D,0
36.30014,36.17316,336.5,0.48,0.4,2025-06-30,1016,N20,VIIRS,n,2,305.8,63.87,D,0
36.29723,36.15794,340.45,0.48,0.4,2025-06-30,1016,N20,VIIRS,n,2,307.53,28.94,D,0
36.29626,36.15283,367,0.48,0.4,2025-06-30,1016,N20,VIIRS,l,2,334.97,136.99,D,0
36.30276,36.16706,367,0.48,0.4,2025-06-30,1016,N20,VIIRS,h,2,338.48,71.76,D,0
36.30083,36.15694,338.98,0.48,0.4,2025-06-30,1016,N20,VIIRS,l,2,309.07,19.96,D,0
36.29987,36.15191,352.78,0.48,0.4,2025-06-30,1016,N20,VIIRS,n,2,311.82,10.2,D,0
36.30639,36.16616,367,0.48,0.4,2025-06-30,1016,N20,VIIRS,h,2,335.75,71.76,D,0
36.30735,36.17125,336.97,0.48,0.4,2025-06-30,1016,N20,VIIRS,n,2,309.22,71.76,D,0
36.30542,36.16109,353.49,0.48,0.4,2025-06-30,1016,N20,VIIRS,n,2,315.14,19.96,D,0
36.30446,36.15608,348.01,0.48,0.4,2025-06-30,1016,N20,VIIRS,n,2,308.82,19.96,D,0
36.3035,36.15102,349.05,0.48,0.4,2025-06-30,1016,N20,VIIRS,n,2,310.84,10.2,D,0
36.31002,36.16532,352.97,0.48,0.4,2025-06-30,1016,N20,VIIRS,n,2,309.44,13.42,D,0
36.30906,36.16032,344.3,0.48,0.4,2025-06-30,1016,N20,VIIRS,n,2,314.09,8.5,D,0
36.30714,36.15023,342.63,0.48,0.4,2025-06-30,1016,N20,VIIRS,l,2,314.57,43.52,D,0
36.31363,36.16442,345.33,0.48,0.4,2025-06-30,1016,N20,VIIRS,n,2,314.43,13.42,D,0
36.31269,36.15947,345.36,0.48,0.4,2025-06-30,1016,N20,VIIRS,n,2,318.7,8.5,D,0
36.31082,36.1496,346.26,0.48,0.4,2025-06-30,1016,N20,VIIRS,n,2,316.75,43.52,D,0
36.31634,36.15871,367,0.48,0.4,2025-06-30,1016,N20,VIIRS,h,2,323.4,63.73,D,0
36.31541,36.15382,367,0.48,0.4,2025-06-30,1016,N20,VIIRS,h,2,350.33,63.73,D,0
36.31448,36.14891,367,0.48,0.4,2025-06-30,1016,N20,VIIRS,h,2,339.58,54.03,D,0
36.31352,36.14388,345.55,0.48,0.4,2025-06-30,1016,N20,VIIRS,n,2,314.34,54.03,D,0
37.09752,40.25017,367,0.38,0.36,2025-06-30,1016,N20,VIIRS,h,2,321.54,17.18,D,0
37.10408,40.24862,349.65,0.38,0.36,2025-06-30,1016,N20,VIIRS,l,2,320.66,14.6,D,0
37.11061,40.26924,344.25,0.38,0.36,2025-06-30,1016,N20,VIIRS,l,2,317.32,3.96,D,0
37.10997,40.26496,349.95,0.38,0.36,2025-06-30,1016,N20,VIIRS,l,2,320.09,3.96,D,0
37.10931,40.26068,350.45,0.38,0.36,2025-06-30,1016,N20,VIIRS,l,2,323.03,18.85,D,0
37.10867,40.2564,352.89,0.38,0.36,2025-06-30,1016,N20,VIIRS,l,2,326.19,18.85,D,0
37.1198,40.26263,367,0.38,0.36,2025-06-30,1016,N20,VIIRS,h,2,353.59,138.7,D,0
36.61237,35.52911,335.86,0.5,0.41,2025-06-30,1016,N20,VIIRS,l,2,308.19,5.17,D,0
36.25959,33.12626,343.58,0.44,0.46,2025-06-30,1016,N20,VIIRS,n,2,306.41,11.67,D,0
37.41,37.65141,346.29,0.41,0.37,2025-06-30,1016,N20,VIIRS,n,2,311.35,4.62,D,0
37.36863,36.9151,332.64,0.43,0.38,2025-06-30,1016,N20,VIIRS,l,2,305.89,2.28,D,0
37.37333,36.79507,347.78,0.44,0.38,2025-06-30,1016,N20,VIIRS,l,2,312.92,11.64,D,0
37.97226,38.89314,352.25,0.39,0.36,2025-06-30,1017,N20,VIIRS,l,2,317.34,8.79,D,0
36.86485,30.76874,342.87,0.57,0.52,2025-06-30,1017,N20,VIIRS,n,2,310.24,4.11,D,0
40.00655,43.91135,330.14,0.49,0.4,2025-06-30,1017,N20,VIIRS,n,2,298.95,3.78,D,0
37.87474,28.33024,334.26,0.36,0.58,2025-06-30,1017,N20,VIIRS,n,2,304.19,2.37,D,0
38.61288,31.17226,341.95,0.49,0.49,2025-06-30,1017,N20,VIIRS,n,2,308.98,6.28,D,0
38.4492,30.23008,330.9,0.56,0.51,2025-06-30,1017,N20,VIIRS,l,2,301.03,4.4,D,0
37.92846,28.12826,367,0.37,0.58,2025-06-30,1017,N20,VIIRS,h,2,308.91,10.9,D,0
37.92945,28.13198,346.01,0.37,0.58,2025-06-30,1017,N20,VIIRS,n,2,298.99,10.9,D,0
37.93308,28.12429,344.8,0.37,0.58,2025-06-30,1017,N20,VIIRS,n,2,300.18,9.31,D,0
38.08801,26.91729,367,0.42,0.61,2025-06-30,1017,N20,VIIRS,h,2,305.63,12.11,D,0
38.08932,26.9221,334.11,0.42,0.61,2025-06-30,1017,N20,VIIRS,n,2,307.45,10.88,D,0
38.09177,26.88703,367,0.42,0.61,2025-06-30,1017,N20,VIIRS,h,2,301.6,7.18,D,0
38.0906,26.88273,350.38,0.43,0.62,2025-06-30,1017,N20,VIIRS,n,2,304.4,7.18,D,0
38.10305,26.88426,353.32,0.42,0.61,2025-06-30,1017,N20,VIIRS,n,2,301.31,48.55,D,0
38.10965,26.88637,367,0.42,0.61,2025-06-30,1017,N20,VIIRS,h,2,301.78,34.47,D,0
38.10709,26.87696,345.79,0.43,0.62,2025-06-30,1017,N20,VIIRS,n,2,303.39,48.55,D,0
38.11629,26.88869,367,0.42,0.61,2025-06-30,1017,N20,VIIRS,h,2,305.96,11.85,D,0
38.11501,26.884,356.4,0.42,0.61,2025-06-30,1017,N20,VIIRS,n,2,307.82,11.85,D,0
38.12172,26.88653,332.21,0.42,0.61,2025-06-30,1017,N20,VIIRS,n,2,301.17,11.85,D,0
38.12949,26.89305,367,0.42,0.61,2025-06-30,1017,N20,VIIRS,h,2,300.98,29.52,D,0
38.14007,26.93213,349.95,0.42,0.61,2025-06-30,1017,N20,VIIRS,n,2,305.89,4.86,D,0
38.10709,26.8845,367,0.42,0.61,2025-06-30,1017,N20,VIIRS,h,2,305.34,39.37,D,0
38.1058,26.87988,312.64,0.42,0.61,2025-06-30,1017,N20,VIIRS,l,2,315.04,39.37,D,0
38.11238,26.88183,367,0.42,0.61,2025-06-30,1017,N20,VIIRS,h,2,307.4,39.37,D,0
38.11486,26.89076,349.74,0.42,0.61,2025-06-30,1017,N20,VIIRS,n,2,299.43,16.49,D,0
38.11367,26.88647,355.16,0.42,0.61,2025-06-30,1017,N20,VIIRS,n,2,306.99,16.49,D,0
38.12047,26.88926,367,0.42,0.61,2025-06-30,1017,N20,VIIRS,h,2,303.41,4.76,D,0
38.11908,26.88426,336.62,0.42,0.61,2025-06-30,1017,N20,VIIRS,n,2,301.44,4.76,D,0
38.13928,26.93542,331.21,0.42,0.61,2025-06-30,1017,N20,VIIRS,l,2,303.43,4.26,D,0
38.13764,26.9295,335.39,0.42,0.61,2025-06-30,1017,N20,VIIRS,n,2,303.47,3.7,D,0
38.127,26.89111,343,0.42,0.61,2025-06-30,1017,N20,VIIRS,n,2,298.52,5.2,D,0
38.13328,26.89203,367,0.42,0.61,2025-06-30,1017,N20,VIIRS,h,2,298.98,17.98,D,0
38.14431,26.93189,331.75,0.42,0.61,2025-06-30,1017,N20,VIIRS,l,2,302.01,3.09,D,0
38.13202,26.88748,342.67,0.42,0.61,2025-06-30,1017,N20,VIIRS,n,2,306.63,17.98,D,0
38.15384,26.94466,367,0.42,0.61,2025-06-30,1017,N20,VIIRS,h,2,302.14,5.37,D,0
38.15229,26.93905,331.02,0.42,0.61,2025-06-30,1017,N20,VIIRS,n,2,301.92,5.37,D,0
38.16351,26.89255,367,0.42,0.61,2025-06-30,1017,N20,VIIRS,h,2,310.1,19.49,D,0
38.15343,26.85592,339.96,0.42,0.61,2025-06-30,1017,N20,VIIRS,n,2,304.41,4.88,D,0
38.1521,26.85111,344.14,0.42,0.61,2025-06-30,1017,N20,VIIRS,n,2,306.65,6.33,D,0
38.15076,26.84623,352.9,0.43,0.62,2025-06-30,1017,N20,VIIRS,n,2,304.94,6.33,D,0
38.16902,26.89069,367,0.42,0.61,2025-06-30,1017,N20,VIIRS,h,2,305.52,13.63,D,0
38.16785,26.88647,333.93,0.42,0.61,2025-06-30,1017,N20,VIIRS,n,2,306.59,10.88,D,0
38.93715,27.95089,367,0.36,0.57,2025-06-30,1017,N20,VIIRS,h,2,299.92,88.69,D,0
38.93477,27.94175,346.29,0.36,0.57,2025-06-30,1017,N20,VIIRS,n,2,303.61,63.01,D,0
38.93598,27.94642,207.93,0.36,0.57,2025-06-30,1017,N20,VIIRS,l,2,324.25,63.01,D,0
39.50036,28.06179,367,0.34,0.56,2025-06-30,1018,N20,VIIRS,h,2,307.91,10.54,D,0
39.50132,28.06545,332.51,0.34,0.56,2025-06-30,1018,N20,VIIRS,n,2,301.21,6.25,D,0
39.50615,28.06304,339.44,0.34,0.56,2025-06-30,1018,N20,VIIRS,n,2,300.49,4.51,D,0
39.50518,28.05931,338.9,0.34,0.56,2025-06-30,1018,N20,VIIRS,n,2,300.79,4.89,D,0
36.88918,31.08341,331,0.69,0.75,2025-06-30,1157,N20,VIIRS,l,2,305.94,2.45,D,0
37.05834,27.36328,336.83,0.43,0.62,2025-06-30,1157,N20,VIIRS,n,2,306.61,4.11,D,0
37.0581,27.35861,339.95,0.43,0.62,2025-06-30,1157,N20,VIIRS,n,2,311.18,4.11,D,0
37.05915,27.35966,351.01,0.43,0.62,2025-06-30,1157,N20,VIIRS,n,2,309.42,6.82,D,0
37.92613,28.13277,367,0.49,0.65,2025-06-30,1158,N20,VIIRS,h,2,310.35,17.24,D,0
37.92645,28.14027,334.61,0.49,0.65,2025-06-30,1158,N20,VIIRS,n,2,302.19,10.26,D,0
37.93195,28.12787,367,0.49,0.65,2025-06-30,1158,N20,VIIRS,h,2,306.07,17.24,D,0
37.93227,28.13524,341.22,0.49,0.65,2025-06-30,1158,N20,VIIRS,n,2,302.43,10.26,D,0
37.92804,28.1356,367,0.49,0.65,2025-06-30,1158,N20,VIIRS,h,2,305.66,15.43,D,0
37.92775,28.12769,353.55,0.49,0.65,2025-06-30,1158,N20,VIIRS,n,2,307.56,15.43,D,0
37.93385,28.12958,353.24,0.49,0.65,2025-06-30,1158,N20,VIIRS,n,2,305.12,9.6,D,0
38.09328,26.97257,367,0.42,0.61,2025-06-30,1158,N20,VIIRS,h,2,303.22,100.37,D,0
38.09307,26.96865,207.93,0.42,0.61,2025-06-30,1158,N20,VIIRS,l,2,316.07,118.11,D,0
38.09892,26.97163,367,0.42,0.61,2025-06-30,1158,N20,VIIRS,h,2,307.95,100.37,D,0
38.0944,26.885,367,0.41,0.61,2025-06-30,1158,N20,VIIRS,h,2,305.15,12.58,D,0
38.0991,26.97526,330.73,0.42,0.61,2025-06-30,1158,N20,VIIRS,n,2,301.67,100.37,D,0
38.09853,26.96406,348.98,0.42,0.61,2025-06-30,1158,N20,VIIRS,n,2,309.35,118.11,D,0
38.09873,26.96788,367,0.42,0.61,2025-06-30,1158,N20,VIIRS,l,2,351.37,118.11,D,0
38.09565,26.97289,367,0.42,0.61,2025-06-30,1158,N20,VIIRS,h,2,303.07,206.73,D,0
38.09548,26.96908,367,0.42,0.61,2025-06-30,1158,N20,VIIRS,l,2,366.04,113.27,D,0
38.0953,26.96512,207.93,0.42,0.61,2025-06-30,1158,N20,VIIRS,l,2,313.48,113.27,D,0
38.10114,26.96851,367,0.42,0.61,2025-06-30,1158,N20,VIIRS,h,2,307.28,113.27,D,0
38.09729,26.88539,367,0.42,0.61,2025-06-30,1158,N20,VIIRS,h,2,300.53,9,D,0
38.10096,26.96464,338.76,0.42,0.61,2025-06-30,1158,N20,VIIRS,n,2,306.56,113.27,D,0
38.09705,26.88029,333.62,0.41,0.61,2025-06-30,1158,N20,VIIRS,n,2,302.35,8.82,D,0
38.10316,26.88975,367,0.42,0.61,2025-06-30,1158,N20,VIIRS,h,2,298.87,27.93,D,0
38.10288,26.8839,343.08,0.42,0.61,2025-06-30,1158,N20,VIIRS,n,2,316.22,27.93,D,0
38.10266,26.87909,337.74,0.41,0.61,2025-06-30,1158,N20,VIIRS,n,2,304.46,18.17,D,0
38.10878,26.88881,367,0.42,0.61,2025-06-30,1158,N20,VIIRS,h,2,300.1,27.93,D,0
38.11269,26.97199,342.32,0.42,0.61,2025-06-30,1158,N20,VIIRS,n,2,302.2,4.16,D,0
38.10853,26.88348,344.56,0.42,0.61,2025-06-30,1158,N20,VIIRS,n,2,306.33,27.93,D,0
38.10831,26.87887,340.33,0.41,0.61,2025-06-30,1158,N20,VIIRS,n,2,304.03,18.17,D,0
38.11469,26.89387,367,0.42,0.61,2025-06-30,1158,N20,VIIRS,h,2,298.89,19.33,D,0
38.11398,26.87897,367,0.41,0.61,2025-06-30,1158,N20,VIIRS,h,2,305,15.23,D,0
38.11442,26.88812,341.57,0.42,0.61,2025-06-30,1158,N20,VIIRS,n,2,314.78,26.4,D,0
38.11419,26.88332,337.73,0.42,0.61,2025-06-30,1158,N20,VIIRS,n,2,305.89,26.4,D,0
38.12028,26.89212,367,0.42,0.61,2025-06-30,1158,N20,VIIRS,h,2,300.58,19.33,D,0
38.13924,26.93217,343.22,0.42,0.61,2025-06-30,1158,N20,VIIRS,n,2,305.47,7.38,D,0
38.13906,26.92839,335.23,0.42,0.61,2025-06-30,1158,N20,VIIRS,n,2,304.51,4.67,D,0
38.14635,26.8459,367,0.41,0.61,2025-06-30,1158,N20,VIIRS,h,2,307,16.89,D,0
38.15101,26.94051,349.59,0.42,0.61,2025-06-30,1158,N20,VIIRS,n,2,308.34,6.4,D,0
38.15083,26.93659,337.55,0.42,0.61,2025-06-30,1158,N20,VIIRS,n,2,303.29,6,D,0
38.14613,26.84147,347.45,0.41,0.61,2025-06-30,1158,N20,VIIRS,n,2,305.1,14.53,D,0
38.15243,26.85449,351.53,0.41,0.61,2025-06-30,1158,N20,VIIRS,n,2,306.06,8.06,D,0
38.1522,26.84989,352.68,0.41,0.61,2025-06-30,1158,N20,VIIRS,n,2,305.67,16.89,D,0
38.15197,26.84525,355.85,0.41,0.61,2025-06-30,1158,N20,VIIRS,n,2,308.58,16.89,D,0
38.15174,26.84063,355.05,0.41,0.61,2025-06-30,1158,N20,VIIRS,n,2,303.97,14.53,D,0
38.16026,26.89768,367,0.42,0.61,2025-06-30,1158,N20,VIIRS,h,2,301.39,61.87,D,0
38.16001,26.89269,342.67,0.42,0.61,2025-06-30,1158,N20,VIIRS,n,2,309.47,61.87,D,0
38.16591,26.89724,367,0.42,0.61,2025-06-30,1158,N20,VIIRS,h,2,303.68,61.87,D,0
38.16537,26.88663,334.95,0.42,0.61,2025-06-30,1158,N20,VIIRS,l,2,306.14,39.98,D,0
38.16565,26.89207,367,0.42,0.61,2025-06-30,1158,N20,VIIRS,l,2,334.57,61.87,D,0
38.17643,26.88096,345.52,0.42,0.61,2025-06-30,1158,N20,VIIRS,n,2,301.25,5.28,D,0
38.1762,26.87643,342.46,0.41,0.61,2025-06-30,1158,N20,VIIRS,n,2,305.44,7.84,D,0
38.18206,26.88029,346.25,0.42,0.61,2025-06-30,1158,N20,VIIRS,n,2,300.34,7.58,D,0
38.18184,26.87585,353.76,0.41,0.61,2025-06-30,1158,N20,VIIRS,n,2,305.97,10,D,0
38.17933,26.87861,367,0.42,0.61,2025-06-30,1158,N20,VIIRS,h,2,305.88,25.77,D,0
38.26876,26.32718,339.52,0.39,0.59,2025-06-30,1158,N20,VIIRS,n,2,300.65,6.17,D,0
38.26852,26.32276,346.19,0.39,0.59,2025-06-30,1158,N20,VIIRS,n,2,303.21,6.84,D,0
38.26901,26.32571,354.48,0.39,0.59,2025-06-30,1158,N20,VIIRS,n,2,301.35,6.69,D,0
38.2688,26.32131,334.17,0.39,0.59,2025-06-30,1158,N20,VIIRS,n,2,301.75,6.02,D,0
38.60631,31.16838,350.91,0.72,0.75,2025-06-30,1158,N20,VIIRS,n,2,299.13,11.09,D,0
38.61333,31.16865,330.39,0.72,0.75,2025-06-30,1158,N20,VIIRS,n,2,297.82,11.09,D,0
38.61112,31.1687,354.28,0.72,0.75,2025-06-30,1158,N20,VIIRS,n,2,301.68,9.85,D,0
38.61105,31.16029,338.42,0.72,0.75,2025-06-30,1158,N20,VIIRS,n,2,296.74,9.85,D,0
38.92196,27.95598,348.13,0.48,0.65,2025-06-30,1158,N20,VIIRS,n,2,298.9,113.67,D,0
38.92161,27.94659,350.73,0.48,0.65,2025-06-30,1158,N20,VIIRS,n,2,300.76,97.64,D,0
38.92178,27.95128,303.18,0.48,0.65,2025-06-30,1158,N20,VIIRS,l,2,321.85,113.67,D,0
38.92778,27.95045,355.39,0.48,0.65,2025-06-30,1158,N20,VIIRS,n,2,312.16,59.74,D,0
38.9276,27.94599,347.01,0.48,0.65,2025-06-30,1158,N20,VIIRS,n,2,311.41,33.96,D,0
38.92743,27.94141,332.25,0.48,0.65,2025-06-30,1158,N20,VIIRS,n,2,300.89,33.96,D,0
38.93378,27.95,367,0.48,0.65,2025-06-30,1158,N20,VIIRS,h,2,303.22,59.74,D,0
38.9336,27.94535,367,0.48,0.65,2025-06-30,1158,N20,VIIRS,h,2,307.09,33.96,D,0
39.50242,28.05667,340.4,0.49,0.65,2025-06-30,1158,N20,VIIRS,n,2,299.36,6.61,D,0
39.50364,28.05585,336.68,0.49,0.65,2025-06-30,1158,N20,VIIRS,n,2,298.6,4.87,D,0
41.26411,31.42175,310.31,0.79,0.78,2025-06-30,2236,N20,VIIRS,n,2,285.16,3.13,N,2
41.26313,31.42377,303.58,0.79,0.78,2025-06-30,2236,N20,VIIRS,n,2,285.02,2.19,N,2
41.17624,32.63039,299.75,0.69,0.74,2025-06-30,2236,N20,VIIRS,n,2,284.24,1.05,N,2
40.05285,32.64991,295.63,0.68,0.74,2025-06-30,2236,N20,VIIRS,n,2,285.25,0.95,N,2
39.94664,33.18847,296.87,0.63,0.72,2025-06-30,2236,N20,VIIRS,n,2,283.51,1.5,N,2
37.38134,43.13823,301,0.53,0.42,2025-06-30,2236,N20,VIIRS,n,2,287.07,0.56,N,0
37.38359,43.13807,299.45,0.53,0.42,2025-06-30,2236,N20,VIIRS,n,2,286.08,0.45,N,0
37.55097,37.87303,312.53,0.34,0.56,2025-06-30,2237,N20,VIIRS,n,2,290.19,0.56,N,0
37.61255,35.99968,306.01,0.43,0.62,2025-06-30,2237,N20,VIIRS,n,2,292.3,1.36,N,0
37.3462,39.59241,312.83,0.54,0.51,2025-06-30,2237,N20,VIIRS,n,2,289.94,1.83,N,0
37.2515,40.1848,317.26,0.5,0.49,2025-06-30,2237,N20,VIIRS,n,2,294.02,1.57,N,0
37.24997,40.18533,317.07,0.5,0.49,2025-06-30,2237,N20,VIIRS,n,2,294.11,2.01,N,0
37.25046,40.02357,320.41,0.51,0.49,2025-06-30,2237,N20,VIIRS,n,2,292.27,1.62,N,0
37.25097,40.01776,314.97,0.51,0.49,2025-06-30,2237,N20,VIIRS,n,2,293.08,1.62,N,0
37.24642,40.01704,303.49,0.51,0.49,2025-06-30,2237,N20,VIIRS,n,2,292.45,1.04,N,0
37.21302,40.24268,305.99,0.5,0.49,2025-06-30,2237,N20,VIIRS,n,2,293.78,0.47,N,0
37.40301,37.19022,367,0.37,0.58,2025-06-30,2237,N20,VIIRS,h,2,295.17,7.3,N,0
37.40326,37.18599,301.37,0.37,0.58,2025-06-30,2237,N20,VIIRS,n,2,284.62,7.3,N,0
37.40276,37.19447,312.71,0.37,0.58,2025-06-30,2237,N20,VIIRS,n,2,287.35,6.32,N,0
37.39766,37.18966,332.55,0.37,0.58,2025-06-30,2237,N20,VIIRS,n,2,285.57,7.3,N,0
37.39791,37.18542,317.5,0.37,0.58,2025-06-30,2237,N20,VIIRS,n,2,285.13,7.3,N,0
37.39741,37.19391,301.08,0.37,0.58,2025-06-30,2237,N20,VIIRS,n,2,285.27,6.32,N,0
37.1923,39.89209,328.43,0.52,0.5,2025-06-30,2237,N20,VIIRS,n,2,292.04,2.98,N,0
37.18151,39.96712,346.56,0.51,0.5,2025-06-30,2237,N20,VIIRS,n,2,297.45,8.32,N,0
37.18104,39.9729,344.3,0.51,0.5,2025-06-30,2237,N20,VIIRS,n,2,297.16,6.46,N,0
37.27663,38.72952,302.31,0.6,0.53,2025-06-30,2237,N20,VIIRS,n,2,290.7,1.39,N,2
37.18198,39.96135,315.85,0.51,0.5,2025-06-30,2237,N20,VIIRS,n,2,292.14,8.32,N,0
37.18056,39.9787,309.63,0.51,0.49,2025-06-30,2237,N20,VIIRS,n,2,292.89,6.46,N,0
37.10792,40.42734,332.36,0.48,0.48,2025-06-30,2237,N20,VIIRS,n,2,293.12,3.67,N,0
37.10743,40.4328,320.52,0.48,0.48,2025-06-30,2237,N20,VIIRS,n,2,293.12,3.57,N,0
37.3531,37.1614,304.86,0.37,0.58,2025-06-30,2237,N20,VIIRS,n,2,292.4,1.11,N,2
37.06654,40.43788,305.19,0.48,0.48,2025-06-30,2237,N20,VIIRS,n,2,291.89,1.02,N,0
37.07125,40.33326,323.92,0.49,0.48,2025-06-30,2237,N20,VIIRS,n,2,292.81,1.86,N,0
37.07173,40.32775,305.02,0.49,0.48,2025-06-30,2237,N20,VIIRS,n,2,290.84,1.86,N,0
37.0668,40.33256,336.54,0.49,0.48,2025-06-30,2237,N20,VIIRS,n,2,293.43,3.66,N,0
37.06234,40.33188,330.1,0.49,0.48,2025-06-30,2237,N20,VIIRS,n,2,293.39,3.66,N,0
37.2942,37.15545,311.25,0.37,0.58,2025-06-30,2237,N20,VIIRS,n,2,292.58,1.1,N,2
37.09379,39.6792,307.84,0.53,0.5,2025-06-30,2237,N20,VIIRS,n,2,292.94,1.13,N,0
37.09769,39.13239,318.57,0.57,0.52,2025-06-30,2237,N20,VIIRS,n,2,291.38,2.1,N,0
37.06298,39.08176,300.42,0.57,0.52,2025-06-30,2237,N20,VIIRS,n,2,289.91,0.72,N,0
37.04449,39.19691,321.28,0.56,0.52,2025-06-30,2237,N20,VIIRS,n,2,291.45,2.79,N,0
36.93113,38.97209,302.11,0.58,0.52,2025-06-30,2237,N20,VIIRS,n,2,288.76,0.66,N,0
36.92632,38.97147,341.4,0.58,0.52,2025-06-30,2237,N20,VIIRS,n,2,290.64,10.05,N,0
36.92722,38.97177,338.93,0.58,0.52,2025-06-30,2237,N20,VIIRS,n,2,291.22,8.71,N,0
36.92029,38.55231,299.34,0.61,0.53,2025-06-30,2237,N20,VIIRS,n,2,286.91,0.98,N,0
36.85799,38.92358,319.98,0.58,0.52,2025-06-30,2237,N20,VIIRS,n,2,290.17,2.7,N,0
37.01388,36.10583,308.7,0.42,0.61,2025-06-30,2237,N20,VIIRS,n,2,293.8,1.44,N,2
37.01673,36.10597,312.31,0.42,0.61,2025-06-30,2237,N20,VIIRS,n,2,293.78,1.52,N,2
36.80094,38.91748,301.95,0.58,0.52,2025-06-30,2237,N20,VIIRS,n,2,290.79,1.15,N,0
36.87051,34.75803,302.83,0.5,0.66,2025-06-30,2237,N20,VIIRS,n,2,292.17,1.06,N,2
36.8703,34.76346,306.96,0.5,0.66,2025-06-30,2237,N20,VIIRS,n,2,293.75,1.06,N,2
36.86929,34.76146,308.58,0.5,0.66,2025-06-30,2237,N20,VIIRS,n,2,292.77,2.45,N,2
36.73858,36.20777,309.28,0.41,0.61,2025-06-30,2237,N20,VIIRS,n,2,297.2,1.65,N,2
36.73271,36.21201,312.4,0.41,0.61,2025-06-30,2237,N20,VIIRS,n,2,298.51,1.62,N,2
36.72199,36.20144,309.1,0.41,0.61,2025-06-30,2237,N20,VIIRS,n,2,293.52,0.94,N,2
36.71636,36.20116,315.76,0.41,0.61,2025-06-30,2237,N20,VIIRS,n,2,292.59,0.94,N,2
36.3424,36.175,303.27,0.41,0.61,2025-06-30,2237,N20,VIIRS,n,2,292.8,0.48,N,0
36.33825,36.14891,367,0.41,0.61,2025-06-30,2237,N20,VIIRS,h,2,301.41,17.2,N,0
36.33805,36.15243,351.56,0.41,0.61,2025-06-30,2237,N20,VIIRS,n,2,297.6,17.2,N,0
36.33846,36.14528,310.49,0.41,0.61,2025-06-30,2237,N20,VIIRS,n,2,290.68,6.68,N,0
36.33251,36.15061,367,0.41,0.61,2025-06-30,2237,N20,VIIRS,h,2,296.45,17.2,N,0
36.33231,36.15427,334.7,0.41,0.61,2025-06-30,2237,N20,VIIRS,n,2,294.49,11.35,N,0
36.3321,36.1579,339.04,0.41,0.61,2025-06-30,2237,N20,VIIRS,n,2,294.16,11.35,N,0
36.33191,36.16145,367,0.41,0.61,2025-06-30,2237,N20,VIIRS,h,2,296.18,11.86,N,0
36.33171,36.16491,367,0.41,0.61,2025-06-30,2237,N20,VIIRS,h,2,297.57,11.86,N,0
36.33151,36.1683,367,0.41,0.61,2025-06-30,2237,N20,VIIRS,h,2,295.81,13.34,N,0
36.33132,36.17176,353.78,0.41,0.61,2025-06-30,2237,N20,VIIRS,n,2,298.15,13.34,N,0
36.33371,36.12939,304.01,0.41,0.61,2025-06-30,2237,N20,VIIRS,n,2,288.41,0.53,N,0
36.33331,36.13651,304.79,0.41,0.61,2025-06-30,2237,N20,VIIRS,n,2,290.9,1.35,N,0
36.33292,36.14344,302.81,0.41,0.61,2025-06-30,2237,N20,VIIRS,n,2,292.45,6.68,N,0
36.33272,36.14698,314.76,0.41,0.61,2025-06-30,2237,N20,VIIRS,n,2,292.56,17.2,N,0
36.33112,36.17533,304.1,0.41,0.61,2025-06-30,2237,N20,VIIRS,n,2,293.76,2.93,N,0
36.32636,36.15977,329.71,0.41,0.61,2025-06-30,2237,N20,VIIRS,n,2,295.07,14.57,N,0
36.32615,36.16341,349.55,0.41,0.61,2025-06-30,2237,N20,VIIRS,n,2,296.18,14.57,N,0
36.32596,36.1669,367,0.41,0.61,2025-06-30,2237,N20,VIIRS,h,2,304.26,147.68,N,0
36.32555,36.17409,341.46,0.41,0.61,2025-06-30,2237,N20,VIIRS,n,2,298.79,20.06,N,0
36.32656,36.15608,307.24,0.41,0.61,2025-06-30,2237,N20,VIIRS,n,2,294.26,2.43,N,0
36.32347,36.11038,367,0.41,0.61,2025-06-30,2237,N20,VIIRS,h,2,289.95,11.31,N,0
36.32325,36.11432,349.64,0.41,0.61,2025-06-30,2237,N20,VIIRS,n,2,295.37,6.29,N,0
36.32306,36.11794,309.56,0.41,0.61,2025-06-30,2237,N20,VIIRS,n,2,291.51,6.29,N,0
36.32286,36.12144,317.47,0.41,0.61,2025-06-30,2237,N20,VIIRS,n,2,294.46,2.6,N,0
36.31735,36.1189,321.06,0.41,0.61,2025-06-30,2237,N20,VIIRS,n,2,292.9,10.99,N,0
36.31715,36.12238,314.57,0.41,0.61,2025-06-30,2237,N20,VIIRS,n,2,294.09,10.99,N,0
36.31184,36.11631,367,0.41,0.61,2025-06-30,2237,N20,VIIRS,h,2,300.44,10.99,N,0
36.31163,36.12002,367,0.41,0.61,2025-06-30,2237,N20,VIIRS,h,2,296.84,10.99,N,0
36.31143,36.12366,337.96,0.41,0.61,2025-06-30,2237,N20,VIIRS,n,2,294.74,7.72,N,0
36.31205,36.11245,303.38,0.41,0.61,2025-06-30,2237,N20,VIIRS,n,2,290.29,12.22,N,0
36.30631,36.11409,367,0.41,0.61,2025-06-30,2237,N20,VIIRS,h,2,291.79,10.2,N,0
36.3061,36.11794,348.94,0.41,0.61,2025-06-30,2237,N20,VIIRS,n,2,295.84,10.2,N,0
36.30588,36.12184,317.71,0.41,0.61,2025-06-30,2237,N20,VIIRS,n,2,295.04,5.9,N,0
36.26284,33.72444,305.43,0.56,0.69,2025-06-30,2237,N20,VIIRS,n,2,292.07,1.29,N,2
36.26265,33.7305,304.24,0.56,0.69,2025-06-30,2237,N20,VIIRS,n,2,293.64,1.29,N,2
36.26709,33.72979,310.01,0.56,0.69,2025-06-30,2237,N20,VIIRS,n,2,294.02,1.94,N,2
